{"cameraMode":{"drawMode":0,"name":"Shaded","section":"Shading Mode"},"sceneLighting":false,"audioPlay":false,"sceneViewState":{"showFog":true,"showMaterialUpdate":false,"showSkybox":false,"showFlares":true,"showImageEffects":true,"showParticleSystems":true},"in2DMode":false,"pivot":{"x":0.0,"y":-0.0001346394419670105,"z":-1.862645149230957e-9},"rotation":{"x":0.283274382352829,"y":-0.3357502818107605,"z":0.10662531852722168,"w":0.8919970393180847},"size":0.07727372646331787,"orthographic":false}